Carlitos;123456789;carlitos@email.com
Loki;789456123;loki@email.com
Mario;654987321;mario@email.com
Luigi;321654987;luigi@email.com
Wario;987654321;Wario@email.com
Yoshi;564987123;yoshi@email.com
Kratos;654789321;kartos@email.com
Carlitos;796387512;carlitos@email.com
Loki;849163461;loki@email.com
Mario;901939411;mario@email.com
Luigi;954715361;luigi@email.com
Wario;1007491311;Wario@email.com
Yoshi;1060267261;yoshi@email.com
Kratos;1113043211;kartos@email.com
Carlitos;1165819161;carlitos@email.com
Loki;1218595110;loki@email.com
Mario;1271371060;mario@email.com
Luigi;1324147010;luigi@email.com
Wario;1376922960;Wario@email.com
Yoshi;1429698910;yoshi@email.com
Kratos;1482474860;kartos@email.com
Carlitos;1535250810;carlitos@email.com
Loki;1588026759;loki@email.com
Mario;1640802709;mario@email.com
Luigi;1693578659;luigi@email.com
Wario;1746354609;Wario@email.com
Yoshi;1799130559;yoshi@email.com
Kratos;1851906509;kartos@email.com
Carlitos;1904682459;carlitos@email.com
Loki;1957458408;loki@email.com
Mario;2010234358;mario@email.com
Luigi;2063010308;luigi@email.com
Wario;2115786258;Wario@email.com
Yoshi;2168562208;yoshi@email.com
Kratos;2221338158;kartos@email.com
Carlitos;2274114108;carlitos@email.com
Loki;2326890057;loki@email.com
Mario;2379666007;mario@email.com
Luigi;2432441957;luigi@email.com
Wario;2485217907;Wario@email.com
Yoshi;2537993857;yoshi@email.com
Kratos;2590769807;kartos@email.com
Carlitos;2643545757;carlitos@email.com
Loki;2696321706;loki@email.com
Mario;2749097656;mario@email.com
Luigi;2801873606;luigi@email.com
Wario;2854649556;Wario@email.com
Yoshi;2907425506;yoshi@email.com
Kratos;2960201456;kartos@email.com
Carlitos;3012977406;carlitos@email.com
Loki;3065753355;loki@email.com
Mario;3118529305;mario@email.com
Luigi;3171305255;luigi@email.com
Wario;3224081205;Wario@email.com
Yoshi;3276857155;yoshi@email.com
Kratos;3329633105;kartos@email.com
Carlitos;3382409055;carlitos@email.com
Loki;3435185004;loki@email.com
Mario;3487960954;mario@email.com
Luigi;3540736904;luigi@email.com
Wario;3593512854;Wario@email.com
Yoshi;3646288804;yoshi@email.com
Kratos;3699064754;kartos@email.com
Carlitos;3751840704;carlitos@email.com
Loki;3804616653;loki@email.com
Mario;3857392603;mario@email.com
Luigi;3910168553;luigi@email.com
Wario;3962944503;Wario@email.com
Yoshi;4015720453;yoshi@email.com
Kratos;4068496403;kartos@email.com
Carlitos;4121272353;carlitos@email.com
Loki;4174048302;loki@email.com
Mario;4226824252;mario@email.com
Luigi;4279600202;luigi@email.com
Wario;4332376152;Wario@email.com
Yoshi;4385152102;yoshi@email.com
Kratos;4437928052;kartos@email.com
Carlitos;4490704002;carlitos@email.com
Loki;4543479951;loki@email.com
Mario;4596255901;mario@email.com
Luigi;4649031851;luigi@email.com
Wario;4701807801;Wario@email.com
Yoshi;4754583751;yoshi@email.com
Kratos;4807359701;kartos@email.com
Carlitos;4860135651;carlitos@email.com
Loki;4912911600;loki@email.com
Mario;4965687550;mario@email.com
Luigi;5018463500;luigi@email.com
Wario;5071239450;Wario@email.com
Yoshi;5124015400;yoshi@email.com
Kratos;5176791350;kartos@email.com
Carlitos;5229567300;carlitos@email.com
Loki;5282343249;loki@email.com
Mario;5335119199;mario@email.com
Luigi;5387895149;luigi@email.com
Wario;5440671099;Wario@email.com
Yoshi;5493447049;yoshi@email.com
Kratos;5546222999;kartos@email.com
Carlitos;5598998949;carlitos@email.com
Loki;5651774898;loki@email.com
